{
  "N": 6,
  "K_predicted": 4,
  "V_K": 98,
  "feasibility_ratio": 0.1361111111111111,
  "born_probability": 0.01020408163265306,
  "h_distribution": {
    "0": 1,
    "1": 5,
    "2": 14,
    "3": 29,
    "4": 49,
    "5": 71,
    "6": 90,
    "7": 101,
    "8": 101,
    "9": 90,
    "10": 71,
    "11": 49,
    "12": 29,
    "13": 14,
    "14": 5,
    "15": 1
  }
}