{
  "N": 7,
  "K_predicted": 5,
  "V_K": 343,
  "feasibility_ratio": 0.06805555555555555,
  "born_probability": 0.0029154518950437317,
  "h_distribution": {
    "0": 1,
    "1": 6,
    "2": 20,
    "3": 49,
    "4": 98,
    "5": 169,
    "6": 259,
    "7": 359,
    "8": 455,
    "9": 531,
    "10": 573,
    "11": 573,
    "12": 531,
    "13": 455,
    "14": 359,
    "15": 259,
    "16": 169,
    "17": 98,
    "18": 49,
    "19": 20,
    "20": 6,
    "21": 1
  }
}